,Year,Country,ladder_score,gdp_per_capita,generosity,social_support,corruption,Rank,Platform,Sentiment,Hashtags
17,2019,Brazil,6.3,1.004,0.099,1.439,0.086,32.0,Facebook,Kindness, #Kindness #LoveStitches 
21,2017,Canada,7.31599998474121,1.47920441627502,0.435539722442627,1.48134899139404,0.287371516227722,7.0,Facebook,Hope, #Hope #BusinessVenture                        
43,2016,Greece,5.033,1.24886,0.0,0.75473,0.04127,99.0,Facebook,Serenity, #Serenity #SunsetHues 
49,2016,France,6.478,1.39488,0.1216,1.00508,0.17808,32.0,Instagram,Positivity, #Positivity #SoulUpliftment 
62,2023,Japan,6.129,10.616,-0.237,0.894,0.64,47.0,Twitter,Gratitude, #Gratitude #WarmTea                    
63,2023,Japan,6.129,10.616,-0.237,0.894,0.64,47.0,Twitter,Joy, #Joy #CherishedMoment 
80,2020,Germany,7.075799942,10.7328186,0.080179386,0.898874462,0.456422031,17.0,Facebook,Thrill, #Thrill #RollercoasterAdventure        
82,2020,Germany,7.075799942,10.7328186,0.080179386,0.898874462,0.456422031,17.0,Facebook,Serenity, #Serenity #TranquilSunset              
83,2020,Germany,7.075799942,10.7328186,0.080179386,0.898874462,0.456422031,17.0,Facebook,Accomplishment, #Accomplishment #HappinessMilestone 
84,2020,Germany,7.075799942,10.7328186,0.080179386,0.898874462,0.456422031,17.0,Twitter,Breakthrough, #Breakthrough #ScientificDiscovery 
126,2017,UK,6.71400022506714,1.44163393974304,0.492774158716202,1.49646008014679,0.265428066253662,19.0,Facebook,Happy, #ScienceFairWinner #HighSchoolScience 
154,2018,Brazil,6.419,0.986,0.11,1.474,0.088,28.0,Twitter,Gratitude, #Gratitude #LifeLessons                    
155,2018,Brazil,6.419,0.986,0.11,1.474,0.088,28.0,Instagram,Joy, #Joy #WorldCupTriumph 
161,2016,Germany,6.994,1.44787,0.30452,1.09774,0.28551,16.0,Facebook,Gratitude, #Gratitude #ShowerOfThankfulness 
169,2023,Jordan,4.12,9.13,-0.15,0.729,0.687,123.0,Twitter,Amazement, #Amazement #AncientTales 
171,2023,Greece,5.931,10.288,-0.24,0.835,0.793,58.0,Twitter,Reflection, #Reflection #ForgottenEra               
185,2019,USA,6.892,1.433,0.28,1.457,0.128,19.0,Instagram,Playful, #Playful #JugglingResponsibilities 
186,2019,USA,6.892,1.433,0.28,1.457,0.128,19.0,Instagram,Playful, #Playful #JugglingResponsibilities 
189,2019,USA,6.892,1.433,0.28,1.457,0.128,19.0,Instagram,Reflection, #Reflection #PersonalGrowth              
192,2019,USA,6.892,1.433,0.28,1.457,0.128,19.0,Twitter,Charm, #Charm #SinatraTribute 
198,2017,Australia,7.28399991989136,1.484414935112,0.477699249982834,1.51004195213318,0.301183730363846,9.0,Twitter,Reverence, #Reverence #HistoricalSite                   
199,2017,Australia,7.28399991989136,1.484414935112,0.477699249982834,1.51004195213318,0.301183730363846,9.0,Twitter,Calmness, #Calmness #RainyDays                        
203,2017,Australia,7.28399991989136,1.484414935112,0.477699249982834,1.51004195213318,0.301183730363846,9.0,Twitter,Pride, #Pride #IndieFilmSuccess 
245,2023,USA,6.894,11.048,0.137,0.919,0.689,15.0,Twitter,Positive, #Nature #Park                            
246,2023,USA,6.894,11.048,0.137,0.919,0.689,15.0,Instagram,Positive, #Fitness #Workout                        
247,2023,USA,6.894,11.048,0.137,0.919,0.689,15.0,Instagram,Positive, #MovieNight #MustWatch                  
249,2023,USA,6.894,11.048,0.137,0.919,0.689,15.0,Instagram,Positive, #Blogging #NewPost                      
250,2023,USA,6.894,11.048,0.137,0.919,0.689,15.0,Instagram,Positive, #NewYear #FitnessGoals                  
251,2023,USA,6.894,11.048,0.137,0.919,0.689,15.0,Facebook,Positive, #Reflection #Future                     
254,2023,USA,6.894,11.048,0.137,0.919,0.689,15.0,Facebook,Positive, #VR #VirtualReality                     
255,2023,USA,6.894,11.048,0.137,0.919,0.689,15.0,Instagram,Positive, #Productivity #WorkFromHome           
256,2023,USA,6.894,11.048,0.137,0.919,0.689,15.0,Twitter,Positive, #MentalHealth #SelfCare                 
257,2023,USA,6.894,11.048,0.137,0.919,0.689,15.0,Facebook,Positive, #Coding #Enthusiasm                   
258,2023,USA,6.894,11.048,0.137,0.919,0.689,15.0,Instagram,Positive, #Inspiration #Workshop                  
259,2023,USA,6.894,11.048,0.137,0.919,0.689,15.0,Instagram,Positive, #Music #ConcertNight                  
260,2023,USA,6.894,11.048,0.137,0.919,0.689,15.0,Instagram,Positive, #Gaming #Tournament                     
261,2023,USA,6.894,11.048,0.137,0.919,0.689,15.0,Twitter,Positive, #Gardening #Spring                     
262,2023,USA,6.894,11.048,0.137,0.919,0.689,15.0,Facebook,Positive, #Art #GalleryExplore                    
263,2023,USA,6.894,11.048,0.137,0.919,0.689,15.0,Instagram,Positive, #Cooking #SpecialDinner                
264,2023,USA,6.894,11.048,0.137,0.919,0.689,15.0,Instagram,Positive, #BikeRide #ScenicTrails                
274,2023,USA,6.894,11.048,0.137,0.919,0.689,15.0,Facebook,Enjoyment, #Enjoyment #Travel                           
280,2023,USA,6.894,11.048,0.137,0.919,0.689,15.0,Instagram,Excitement, #Excitement #BookTime                       
288,2023,USA,6.894,11.048,0.137,0.919,0.689,15.0,Facebook,Ecstasy, #Ecstasy #MetallicaConcert 
289,2023,USA,6.894,11.048,0.137,0.919,0.689,15.0,Facebook,Euphoria, #Euphoria #ArianaGrande 
290,2023,USA,6.894,11.048,0.137,0.919,0.689,15.0,Twitter,Excitement, #CrushStruggles #AvoidingEyeContact 
294,2023,USA,6.894,11.048,0.137,0.919,0.689,15.0,Instagram,Excitement, #GameOn #TeenGamer 
295,2023,USA,6.894,11.048,0.137,0.919,0.689,15.0,Twitter,Excitement, #FashionGoals #TeenStyle 
296,2023,USA,6.894,11.048,0.137,0.919,0.689,15.0,Twitter,Pride, #CookingSuccess #TeenCook 
297,2023,USA,6.894,11.048,0.137,0.919,0.689,15.0,Twitter,Joy, #ChildhoodMemories #TeenCartoons 
299,2023,USA,6.894,11.048,0.137,0.919,0.689,15.0,Instagram,Contentment, #QuietMoments #BookishEscape 
300,2023,USA,6.894,11.048,0.137,0.919,0.689,15.0,Instagram,Contentment, #HappinessInFood #SeniorLife 
301,2023,USA,6.894,11.048,0.137,0.919,0.689,15.0,Instagram,Joy, #NatureCapture #SeniorMoments 
302,2023,USA,6.894,11.048,0.137,0.919,0.689,15.0,Instagram,Joy, #MusicHarmony #SeniorVoices 
303,2023,USA,6.894,11.048,0.137,0.919,0.689,15.0,Facebook,Contentment, #NatureWonders #SeniorGarden 
304,2023,USA,6.894,11.048,0.137,0.919,0.689,15.0,Facebook,Gratitude, #LifetimeExperiences #SeniorMemoir 
305,2023,USA,6.894,11.048,0.137,0.919,0.689,15.0,Twitter,Contentment, #KitchenMemories #SeniorCulinary 
306,2023,USA,6.894,11.048,0.137,0.919,0.689,15.0,Instagram,Joy, #TimelessTunes #SeniorJazz 
307,2023,USA,6.894,11.048,0.137,0.919,0.689,15.0,Instagram,Excitement, #DiscoverNewPlaces #SeniorTravel 
308,2023,USA,6.894,11.048,0.137,0.919,0.689,15.0,Instagram,Contentment, #HeartwarmingMoments #SeniorFamily 
309,2023,USA,6.894,11.048,0.137,0.919,0.689,15.0,Facebook,Joy, #CreativeExpressions #SeniorArt 
310,2023,USA,6.894,11.048,0.137,0.919,0.689,15.0,Facebook,Joy, #StagePassion #SeniorTheater 
311,2023,USA,6.894,11.048,0.137,0.919,0.689,15.0,Facebook,Excitement, #OpenRoadAdventures #SeniorCycling 
312,2023,USA,6.894,11.048,0.137,0.919,0.689,15.0,Twitter,Joy, #GracefulMoves #SeniorDance 
313,2023,USA,6.894,11.048,0.137,0.919,0.689,15.0,Instagram,Gratitude, #FriendshipAdventures #SeniorNostalgia 
314,2023,USA,6.894,11.048,0.137,0.919,0.689,15.0,Facebook,Joy, #TimelessTunes #SeniorJazz 
315,2023,USA,6.894,11.048,0.137,0.919,0.689,15.0,Instagram,Relief, #PhysicsSurvivor #HighSchoolAdventures 
316,2023,USA,6.894,11.048,0.137,0.919,0.689,15.0,Instagram,Joy, #PhotographyClub #HighSchoolPhotographer 
317,2023,USA,6.894,11.048,0.137,0.919,0.689,15.0,Facebook,Positive, #OutdoorClassroom #HighSchoolExplorer 
318,2023,USA,6.894,11.048,0.137,0.919,0.689,15.0,Facebook,Joy, #KpopFangirl #HighSchoolMusic 
319,2023,USA,6.894,11.048,0.137,0.919,0.689,15.0,Facebook,Excitement, #DramaClubStar #HighSchoolActor 
320,2023,USA,6.894,11.048,0.137,0.919,0.689,15.0,Twitter,Joy, #DoodleMaster #HighSchoolArt 
321,2023,USA,6.894,11.048,0.137,0.919,0.689,15.0,Instagram,Mischievous, #SnackSmuggler #HighSchoolSnacks 
323,2023,USA,6.894,11.048,0.137,0.919,0.689,15.0,Instagram,Joy, #PaperPlaneExpert #HighSchoolArt 
324,2023,USA,6.894,11.048,0.137,0.919,0.689,15.0,Twitter,Mischievous, #SnackNinja #HighSchoolSnacks 
326,2023,USA,6.894,11.048,0.137,0.919,0.689,15.0,Twitter,Joy, #OrigamiMaster #HighSchoolArt 
327,2023,USA,6.894,11.048,0.137,0.919,0.689,15.0,Facebook,Joy, #FriendshipGoals #HighSchoolMemories 
329,2023,USA,6.894,11.048,0.137,0.919,0.689,15.0,Instagram,Joy, #FriendshipBracelets #HighSchoolCrafts 
330,2023,USA,6.894,11.048,0.137,0.919,0.689,15.0,Instagram,Excitement, #HairExperiment #HighSchoolStyle 
344,2023,USA,6.894,11.048,0.137,0.919,0.689,15.0,Twitter,Happy, #CodingTriumph #HighSchoolTech 
345,2023,USA,6.894,11.048,0.137,0.919,0.689,15.0,Twitter,Happy, #SportsTriumph #HighSchoolAthletics 
354,2016,USA,7.104,1.50796,0.41077,1.04782,0.14868,13.0,Facebook,Gratitude, #Gratitude #OscarWinningMoment 
367,2017,France,6.44199991226196,1.43092346191406,0.129762306809425,1.38777685165405,0.172502428293228,31.0,Instagram,Contentment, #Contentment #FreshBreadAroma          
395,2019,Germany,6.985,1.373,0.261,1.454,0.265,17.0,Twitter,Thrill, #Thrill #Formula1Championship 
401,2019,UK,7.054,1.333,0.348,1.538,0.278,15.0,Twitter,Reverence, #Reverence #History                           
402,2019,UK,7.054,1.333,0.348,1.538,0.278,15.0,Instagram,Elation, #Elation #FitnessMilestone                   
408,2019,UK,7.054,1.333,0.348,1.538,0.278,15.0,Twitter,Inspired, #Inspired #CreativePhoenix 
415,2019,UK,7.054,1.333,0.348,1.538,0.278,15.0,Facebook,Emotion, #Emotion #AdeleMelodies 
467,2017,Brazil,6.63500022888184,1.10735321044922,0.16234989464283,1.43130600452423,0.111092761158943,22.0,Instagram,Creativity, #Creativity #StreetArtVibes 
510,2018,Australia,7.272,1.34,0.361,1.573,0.302,10.0,Facebook,Playful, #Playful #CarnivalEscapade 
511,2018,Australia,7.272,1.34,0.361,1.573,0.302,10.0,Facebook,Playful, #Playful #CarnivalEscapade 
512,2018,Australia,7.272,1.34,0.361,1.573,0.302,10.0,Facebook,Playful, #Playful #CarnivalEscapade 
515,2018,Australia,7.272,1.34,0.361,1.573,0.302,10.0,Facebook,Spark, #Spark #InspirationIgnited             
528,2015,India,4.565,0.64499,0.26475,0.38174,0.08492,117.0,Facebook,Contentment, #Contentment #HomeCooking                     
542,2015,USA,7.119,1.39451,0.40105,1.24711,0.1589,15.0,Twitter,Satisfaction, #Satisfaction #DIYProject                 
543,2015,USA,7.119,1.39451,0.40105,1.24711,0.1589,15.0,Instagram,Happy, #ArtisticExpression #HighSchoolCreativity 
571,2018,France,6.489,1.293,0.098,1.466,0.176,23.0,Twitter,Reflection, #Reflection #ParisianDreams 
624,2021,UK,7.064,10.707,0.233,0.934,0.459,17.0,Instagram,Blessed, #Blessed #SupportiveCommunity            
625,2021,UK,7.064,10.707,0.233,0.934,0.459,17.0,Facebook,Excitement, #Excitement #IgnitedSoul 
628,2016,Cambodia,3.907,0.55604,0.40339,0.5375,0.08092,140.0,Instagram,Exploration, #Exploration #KhmerStories 
641,2020,India,3.573299885,8.849823952,0.057551607,0.592200935,0.772042692,144.0,Instagram,Thrill, #Thrill #CulturalCelebration              
642,2020,India,3.573299885,8.849823952,0.057551607,0.592200935,0.772042692,144.0,Instagram,JoyfulReunion, #JoyfulReunion #Friendship               
646,2019,Sweden,7.343,1.387,0.267,1.487,0.373,7.0,Instagram,Harmony, #Harmony #MusicalUnity                   
647,2019,Sweden,7.343,1.387,0.267,1.487,0.373,7.0,Instagram,Harmony, #Harmony #MusicalUnity                   
669,2020,Brazil,6.375599861,9.56643486,-0.101812392,0.896723807,0.770601273,32.0,Twitter,Satisfaction, #Satisfaction #FulfillingEnding 
690,2016,Ireland,6.907,1.48341,0.44963,1.16157,0.29754,19.0,Instagram,Connection, #Connection #U2Anthem 
693,2016,Portugal,5.123,1.27607,0.11691,0.94367,0.01521,94.0,Facebook,Inspiration, #Inspiration #ForestWhispers            
694,2016,Portugal,5.123,1.27607,0.11691,0.94367,0.01521,94.0,Facebook,Inspiration, #Inspiration #ForestWhispers            
709,2017,Japan,5.92000007629395,1.41691517829895,0.12057276815176,1.43633782863617,0.163760736584663,51.0,Instagram,Success, #Success #NightSkyTriumph 
710,2017,Japan,5.92000007629395,1.41691517829895,0.12057276815176,1.43633782863617,0.163760736584663,51.0,Twitter,Exploration, #Exploration #JapaneseTraditions 
725,2023,UK,6.796,10.704,0.253,0.882,0.454,19.0,Facebook,Positive, #Travel #Adventure                       
726,2023,UK,6.796,10.704,0.253,0.882,0.454,19.0,Facebook,Positive, #CityExplore #HiddenGems                
727,2023,UK,6.796,10.704,0.253,0.882,0.454,19.0,Twitter,Positive, #Gaming #LateNight                      
728,2023,UK,6.796,10.704,0.253,0.882,0.454,19.0,Twitter,Positive, #Fitness #ChallengeAccepted             
729,2023,UK,6.796,10.704,0.253,0.882,0.454,19.0,Instagram,Positive, #Brunch #Friends                       
730,2023,UK,6.796,10.704,0.253,0.882,0.454,19.0,Instagram,Positive, #RoadTrip #ScenicViews                  
731,2023,UK,6.796,10.704,0.253,0.882,0.454,19.0,Facebook,Positive, #FamilyTime #Weekend                    
732,2023,UK,6.796,10.704,0.253,0.882,0.454,19.0,Facebook,Positive, #Birthday #Celebration                  
733,2023,UK,6.796,10.704,0.253,0.882,0.454,19.0,Instagram,Positive, #BookRelease #FavoriteAuthor           
734,2023,UK,6.796,10.704,0.253,0.882,0.454,19.0,Facebook,Positive, #FitnessChallenge #NewBeginnings       
736,2023,UK,6.796,10.704,0.253,0.882,0.454,19.0,Instagram,Amusement, #Amusement #FunTimes                         
737,2023,UK,6.796,10.704,0.253,0.882,0.454,19.0,Twitter,Adoration, #Adoration #PetLove                         
741,2023,UK,6.796,10.704,0.253,0.882,0.454,19.0,Instagram,Amusement, #Amusement #PetAntics                       
742,2023,UK,6.796,10.704,0.253,0.882,0.454,19.0,Twitter,Adoration, #Adoration #PuppyLove                       
744,2023,UK,6.796,10.704,0.253,0.882,0.454,19.0,Instagram,Pride, #Pride #FitnessChallengeCompleted          
745,2023,UK,6.796,10.704,0.253,0.882,0.454,19.0,Facebook,Calmness, #Calmness #Mindfulness                      
747,2023,UK,6.796,10.704,0.253,0.882,0.454,19.0,Instagram,Acceptance, #Acceptance #LifeJourney                   
751,2023,UK,6.796,10.704,0.253,0.882,0.454,19.0,Facebook,Joy, #SelfieStruggle #TeenConfessions 
752,2023,UK,6.796,10.704,0.253,0.882,0.454,19.0,Twitter,Satisfaction, #TeenSuccess #ProjectMiracle 
753,2023,UK,6.796,10.704,0.253,0.882,0.454,19.0,Twitter,Joy, #BookDiscoveries #TeenReading 
755,2023,UK,6.796,10.704,0.253,0.882,0.454,19.0,Instagram,Excitement, #GetawayGoals #TeenTravel 
756,2023,UK,6.796,10.704,0.253,0.882,0.454,19.0,Instagram,Excitement, #DIYGoals #TeenCreative 
757,2023,UK,6.796,10.704,0.253,0.882,0.454,19.0,Twitter,Gratitude, #AgingGracefully #Memories 
759,2023,UK,6.796,10.704,0.253,0.882,0.454,19.0,Twitter,Contentment, #FriendshipGoals #SeniorBonding 
760,2023,UK,6.796,10.704,0.253,0.882,0.454,19.0,Twitter,Contentment, #MindfulLiving #SeniorCalm 
761,2023,UK,6.796,10.704,0.253,0.882,0.454,19.0,Instagram,Contentment, #LifeWellLived #SeniorWine 
763,2023,UK,6.796,10.704,0.253,0.882,0.454,19.0,Facebook,Joy, #OutdoorBeauty #SeniorClicks 
764,2023,UK,6.796,10.704,0.253,0.882,0.454,19.0,Twitter,Gratitude, #SoulfulWriting #SeniorReflections 
765,2023,UK,6.796,10.704,0.253,0.882,0.454,19.0,Facebook,Joy, #RoadTripDownMemoryLane #SeniorCars 
766,2023,UK,6.796,10.704,0.253,0.882,0.454,19.0,Twitter,Joy, #DanceLife #SeniorMoves 
767,2023,UK,6.796,10.704,0.253,0.882,0.454,19.0,Instagram,Joy, #BookishTalks #SeniorBookworms 
768,2023,UK,6.796,10.704,0.253,0.882,0.454,19.0,Instagram,Excitement, #NatureTrailBlazer #SeniorExplorer 
769,2023,UK,6.796,10.704,0.253,0.882,0.454,19.0,Instagram,Joy, #AgedToPerfection #SeniorCheers 
771,2023,UK,6.796,10.704,0.253,0.882,0.454,19.0,Instagram,Gratitude, #LifeLessons #SeniorBlog 
772,2023,UK,6.796,10.704,0.253,0.882,0.454,19.0,Twitter,Excitement, #CodingAdventure #HighSchoolCoderLife 
774,2023,UK,6.796,10.704,0.253,0.882,0.454,19.0,Instagram,Joy, #ChemistryWizard #HighSchoolScientist 
775,2023,UK,6.796,10.704,0.253,0.882,0.454,19.0,Instagram,Excitement, #FantasyBookNerd #HighSchoolReader 
776,2023,UK,6.796,10.704,0.253,0.882,0.454,19.0,Twitter,Excitement, #SleepoverFun #HighSchoolMemories 
778,2023,UK,6.796,10.704,0.253,0.882,0.454,19.0,Instagram,Excitement, #SurpriseAdventure #HighSchoolFun 
780,2023,UK,6.796,10.704,0.253,0.882,0.454,19.0,Twitter,Excitement, #BurgerQuest #HighSchoolFoodie 
781,2023,UK,6.796,10.704,0.253,0.882,0.454,19.0,Twitter,Excitement, #ScienceGeek #HighSchoolExperiments 
782,2023,UK,6.796,10.704,0.253,0.882,0.454,19.0,Facebook,Joy, #MovieNight #HighSchoolMemories 
783,2023,UK,6.796,10.704,0.253,0.882,0.454,19.0,Instagram,Excitement, #HealthyLiving #HighSchoolWellness 
795,2023,UK,6.796,10.704,0.253,0.882,0.454,19.0,Instagram,Happy, #SurpriseParty #HighSchoolCelebration 
796,2023,UK,6.796,10.704,0.253,0.882,0.454,19.0,Instagram,Happy, #NatureAdventures #HighSchoolFriends 
797,2023,UK,6.796,10.704,0.253,0.882,0.454,19.0,Instagram,Happy, #ArtCollaboration #HighSchoolCreativity 
807,2017,USA,6.99300003051758,1.54625928401947,0.392578780651093,1.41992056369781,0.135638788342476,14.0,Twitter,Wonderment, #Wonderment #DoubleRainbow               
808,2017,USA,6.99300003051758,1.54625928401947,0.392578780651093,1.41992056369781,0.135638788342476,14.0,Facebook,Joy, #Joy #BrunoMars 
809,2017,USA,6.99300003051758,1.54625928401947,0.392578780651093,1.41992056369781,0.135638788342476,14.0,Twitter,Pride, #Pride #JayZAnthem 
908,2020,UK,7.164500237,10.60013485,0.263732493,0.93668282,0.435915917,13.0,Instagram,Reverence, #Reverence #ArtAppreciation                  
911,2020,UK,7.164500237,10.60013485,0.263732493,0.93668282,0.435915917,13.0,Facebook,Inspired, #Inspired #TalesToTheStars 
913,2020,UK,7.164500237,10.60013485,0.263732493,0.93668282,0.435915917,13.0,Facebook,Inspired, #Inspired #TalesToTheStars 
915,2020,UK,7.164500237,10.60013485,0.263732493,0.93668282,0.435915917,13.0,Instagram,Inspiration, #Inspiration #ColorfulSunset             
917,2020,UK,7.164500237,10.60013485,0.263732493,0.93668282,0.435915917,13.0,Twitter,Serenity, #Serenity #EdSheeranConcert 
918,2020,UK,7.164500237,10.60013485,0.263732493,0.93668282,0.435915917,13.0,Facebook,Reflection, #Reflection #BoxingDefeat 
919,2020,UK,7.164500237,10.60013485,0.263732493,0.93668282,0.435915917,13.0,Facebook,Happy, #CulturalCelebration #HighSchoolUnity 
930,2016,Canada,7.404,1.44015,0.44834,1.0961,0.31329,6.0,Twitter,Serenity, #Serenity #PeacefulMelody                    
931,2016,Canada,7.404,1.44015,0.44834,1.0961,0.31329,6.0,Twitter,Tenderness, #Tenderness #PetLove                          
934,2016,Canada,7.404,1.44015,0.44834,1.0961,0.31329,6.0,Twitter,Happy, #AthleticAchievement #HighSchoolSports 
943,2018,USA,6.886,1.398,0.291,1.471,0.133,18.0,Twitter,Zest, #Zest #CarefreeSpirit 
944,2018,USA,6.886,1.398,0.291,1.471,0.133,18.0,Instagram,Empowerment, #Empowerment #HikingAdventure             
945,2018,USA,6.886,1.398,0.291,1.471,0.133,18.0,Instagram,Elation, #Elation #RareBookDiscovery              
948,2018,USA,6.886,1.398,0.291,1.471,0.133,18.0,Twitter,Excitement, #Excitement #MoviePremiereThrills 
950,2018,USA,6.886,1.398,0.291,1.471,0.133,18.0,Twitter,Mesmerizing, #Mesmerizing #NightDancePerformance 
951,2018,USA,6.886,1.398,0.291,1.471,0.133,18.0,Instagram,Happy, #SurpriseCelebration #HighSchoolFriendship 
962,2021,Canada,7.103,10.776,0.089,0.926,0.415,14.0,Facebook,Elation, #Elation #FriendshipReunion                  
967,2021,Canada,7.103,10.776,0.089,0.926,0.415,14.0,Twitter,Serenity, #Serenity #MoonlitSerenade 
968,2021,Canada,7.103,10.776,0.089,0.926,0.415,14.0,Facebook,Compassionate, #Compassionate #TearsOfEmpathy 
969,2021,Canada,7.103,10.776,0.089,0.926,0.415,14.0,Facebook,Confident, #Confident #DanceOfLife 
970,2021,Canada,7.103,10.776,0.089,0.926,0.415,14.0,Instagram,Compassionate, #Compassionate #TearsOfEmpathy 
971,2021,Canada,7.103,10.776,0.089,0.926,0.415,14.0,Facebook,Confident, #Confident #DanceOfLife 
972,2021,Canada,7.103,10.776,0.089,0.926,0.415,14.0,Instagram,Compassionate, #Compassionate #TearsOfEmpathy 
976,2021,Canada,7.103,10.776,0.089,0.926,0.415,14.0,Twitter,Overjoyed, #Overjoyed #WinterWarmth                  
977,2021,Canada,7.103,10.776,0.089,0.926,0.415,14.0,Instagram,Optimism, #Optimism #BrightFuture                  
1007,2023,India,4.036,8.759,0.072,0.608,0.774,126.0,Twitter,Positive, #Gratitude #PositiveVibes              
1009,2023,India,4.036,8.759,0.072,0.608,0.774,126.0,Twitter,Positive, #Reading #CoffeeTime                    
1010,2023,India,4.036,8.759,0.072,0.608,0.774,126.0,Facebook,Positive, #LanguageLearning #PersonalGrowth       
1011,2023,India,4.036,8.759,0.072,0.608,0.774,126.0,Twitter,Positive, #TeaTime #Sunset                       
1012,2023,India,4.036,8.759,0.072,0.608,0.774,126.0,Twitter,Positive, #Mindfulness #Meditation               
1013,2023,India,4.036,8.759,0.072,0.608,0.774,126.0,Instagram,Positive, #Accomplished #Success               
1014,2023,India,4.036,8.759,0.072,0.608,0.774,126.0,Twitter,Positive, #VRMeetup #VirtualReality               
1017,2023,India,4.036,8.759,0.072,0.608,0.774,126.0,Twitter,Calmness, #Calmness #PeacefulMind                    
1021,2023,India,4.036,8.759,0.072,0.608,0.774,126.0,Twitter,Calmness, #Calmness #InnerPeace                      
1023,2023,India,4.036,8.759,0.072,0.608,0.774,126.0,Twitter,Excitement, #Excitement #WeekendAdventure               
1026,2023,India,4.036,8.759,0.072,0.608,0.774,126.0,Instagram,Zest, #Zest #FieldsOfEnthusiasm 
1121,2019,Canada,7.278,1.365,0.285,1.505,0.308,9.0,Instagram,Contentment, #Contentment #TranquilWaters 
1122,2019,Canada,7.278,1.365,0.285,1.505,0.308,9.0,Instagram,Contentment, #Contentment #TranquilWaters 
1123,2019,Canada,7.278,1.365,0.285,1.505,0.308,9.0,Instagram,Joy, #Joy #EndlessSmiles 
1124,2019,Canada,7.278,1.365,0.285,1.505,0.308,9.0,Twitter,Renewed Effort, #RenewedEffort #BasketballStruggles 
1125,2019,Canada,7.278,1.365,0.285,1.505,0.308,9.0,Twitter,Happy, #CommunityGiving #HighSchoolPhilanthropy 
1141,2016,UK,6.725,1.40283,0.50156,1.08672,0.27399,23.0,Facebook,Tenderness, #Tenderness #FamilyTime                       
1142,2016,UK,6.725,1.40283,0.50156,1.08672,0.27399,23.0,Twitter,Tenderness, #Tenderness #CozyEvening                     
1143,2016,UK,6.725,1.40283,0.50156,1.08672,0.27399,23.0,Facebook,Tenderness, #Tenderness #LoveNote                         
1146,2016,UK,6.725,1.40283,0.50156,1.08672,0.27399,23.0,Twitter,Appreciation, #Appreciation #CulturalExperience        
1147,2016,UK,6.725,1.40283,0.50156,1.08672,0.27399,23.0,Facebook,Pride, #Pride #CareerMilestone                  
1149,2016,UK,6.725,1.40283,0.50156,1.08672,0.27399,23.0,Instagram,Hope, #Hope #ColdplayMagic 
1150,2016,UK,6.725,1.40283,0.50156,1.08672,0.27399,23.0,Facebook,Harmony, #Harmony #OrchestraMelody 
1184,2019,Italy,6.223,1.294,0.158,1.488,0.03,36.0,Facebook,Excitement, #Excitement #SymphonyOfSpeed 
1195,2015,Brazil,6.983,0.98124,0.14574,1.23287,0.17521,16.0,Instagram,Marvel, #Marvel #ColorfulStreetMarket          
1206,2023,Australia,7.095,10.821,0.198,0.934,0.496,12.0,Instagram,Positive, #Reading #QuietTime                     
1207,2023,Australia,7.095,10.821,0.198,0.934,0.496,12.0,Facebook,Positive, #Nature #Reflection                     
1208,2023,Australia,7.095,10.821,0.198,0.934,0.496,12.0,Twitter,Love, #Love #SpreadLove                            
1209,2023,Australia,7.095,10.821,0.198,0.934,0.496,12.0,Facebook,Awe, #Awe #Breathtaking                          
1210,2023,Australia,7.095,10.821,0.198,0.934,0.496,12.0,Instagram,Pride, #Pride #Milestone                           
1211,2023,Australia,7.095,10.821,0.198,0.934,0.496,12.0,Twitter,Love, #Love #SpreadLove                            
1212,2023,Australia,7.095,10.821,0.198,0.934,0.496,12.0,Facebook,Awe, #Awe #StarryNight                        
1214,2023,Australia,7.095,10.821,0.198,0.934,0.496,12.0,Twitter,Acceptance, #Acceptance #Diversity                      
1215,2023,Australia,7.095,10.821,0.198,0.934,0.496,12.0,Facebook,Acceptance, #Acceptance #UnpredictableArt            
1216,2023,Australia,7.095,10.821,0.198,0.934,0.496,12.0,Facebook,Excitement, #Excitement #SurpriseCelebration         
1230,2021,Japan,5.94,10.611,-0.258,0.884,0.638,56.0,Facebook,Imagination, #Imagination #LiteraryEscape 
1308,2023,France,6.661,10.701,-0.1,0.909,0.553,21.0,Instagram,Excitement, #Excitement #VacationCountdown        
1310,2023,France,6.661,10.701,-0.1,0.909,0.553,21.0,Twitter,Creative Inspiration, #CreativeInspiration #CoffeeJourney 
1317,2023,Canada,6.961,10.773,0.153,0.929,0.42,13.0,Facebook,Positive, #RainyDays #Cozy                         
1319,2023,Canada,6.961,10.773,0.153,0.929,0.42,13.0,Instagram,Positive, #PetAdoption #FurryFriend               
1320,2023,Canada,6.961,10.773,0.153,0.929,0.42,13.0,Facebook,Positive, #Career #Milestone                      
1321,2023,Canada,6.961,10.773,0.153,0.929,0.42,13.0,Facebook,Positive, #Art #PaintingInProgress             
1322,2023,Canada,6.961,10.773,0.153,0.929,0.42,13.0,Twitter,Positive, #WinterSports #Fun                     
1323,2023,Canada,6.961,10.773,0.153,0.929,0.42,13.0,Facebook,Positive, #Dessert #Cooking                      
1324,2023,Canada,6.961,10.773,0.153,0.929,0.42,13.0,Twitter,Positive, #CozyNight #MovieTime                   
1325,2023,Canada,6.961,10.773,0.153,0.929,0.42,13.0,Twitter,Positive, #Optimism #NewWeek                     
1327,2023,Canada,6.961,10.773,0.153,0.929,0.42,13.0,Facebook,Joy, #Joy #ComedyShow                             
1328,2023,Canada,6.961,10.773,0.153,0.929,0.42,13.0,Facebook,Enjoyment, #Enjoyment #BookTime                         
1329,2023,Canada,6.961,10.773,0.153,0.929,0.42,13.0,Facebook,Acceptance, #Acceptance #Challenges                     
1330,2023,Canada,6.961,10.773,0.153,0.929,0.42,13.0,Facebook,Excitement, #Excitement #TravelPlans                   
1332,2023,Canada,6.961,10.773,0.153,0.929,0.42,13.0,Facebook,Joy, #Joy #StandUpComedy                         
1333,2023,Canada,6.961,10.773,0.153,0.929,0.42,13.0,Facebook,Acceptance, #Acceptance #LifeJourney                   
1334,2023,Canada,6.961,10.773,0.153,0.929,0.42,13.0,Facebook,Excitement, #Excitement #SurpriseParty                 
1336,2023,Canada,6.961,10.773,0.153,0.929,0.42,13.0,Instagram,Pride, #Pride #Accomplishments                     
1338,2023,Canada,6.961,10.773,0.153,0.929,0.42,13.0,Twitter,Acceptance, #Acceptance #ImperfectJourney            
1340,2023,Canada,6.961,10.773,0.153,0.929,0.42,13.0,Facebook,Contentment, #Contentment #FamilyLaughter             
1344,2023,Canada,6.961,10.773,0.153,0.929,0.42,13.0,Facebook,Joy, #BingeWatchDay #TeenLife 
1345,2023,Canada,6.961,10.773,0.153,0.929,0.42,13.0,Facebook,Joy, #MusicTherapy #TeenPlaylist 
1346,2023,Canada,6.961,10.773,0.153,0.929,0.42,13.0,Facebook,Joy, #MusicMagic #TeenConcert 
1349,2023,Canada,6.961,10.773,0.153,0.929,0.42,13.0,Facebook,Joy, #MusicLover #SeniorConcert 
1350,2023,Canada,6.961,10.773,0.153,0.929,0.42,13.0,Facebook,Joy, #CherishedPlaces #SeniorTravel 
1351,2023,Canada,6.961,10.773,0.153,0.929,0.42,13.0,Twitter,Joy, #CreativityAtAnyAge #SeniorCreativity 
1352,2023,Canada,6.961,10.773,0.153,0.929,0.42,13.0,Twitter,Joy, #GardenFriends #SeniorGreenThumb 
1353,2023,Canada,6.961,10.773,0.153,0.929,0.42,13.0,Twitter,Contentment, #FriendshipSunshine #SeniorMemories 
1354,2023,Canada,6.961,10.773,0.153,0.929,0.42,13.0,Twitter,Gratitude, #LifeInPictures #SeniorExhibition 
1355,2023,Canada,6.961,10.773,0.153,0.929,0.42,13.0,Facebook,Joy, #CommunityArt #SeniorCreativity 
1356,2023,Canada,6.961,10.773,0.153,0.929,0.42,13.0,Twitter,Excitement, #RunForACause #SeniorSupport 
1357,2023,Canada,6.961,10.773,0.153,0.929,0.42,13.0,Facebook,Excitement, #DebateWarrior #HighSchoolDebater 
1358,2023,Canada,6.961,10.773,0.153,0.929,0.42,13.0,Twitter,Excitement, #PromDreams #HighSchoolFairytale 
1359,2023,Canada,6.961,10.773,0.153,0.929,0.42,13.0,Twitter,Excitement, #SkaterLife #HighSchoolSkater 
1360,2023,Canada,6.961,10.773,0.153,0.929,0.42,13.0,Twitter,Joy, #BirthdayParty #HighSchoolCelebration 
1361,2023,Canada,6.961,10.773,0.153,0.929,0.42,13.0,Facebook,Excitement, #HandstandChallenge #HighSchoolAthlete 
1363,2023,Canada,6.961,10.773,0.153,0.929,0.42,13.0,Facebook,Excitement, #TextbookJuggling #HighSchoolSkills 
1364,2023,Canada,6.961,10.773,0.153,0.929,0.42,13.0,Facebook,Joy, #RainDance #HighSchoolJoy 
1365,2023,Canada,6.961,10.773,0.153,0.929,0.42,13.0,Instagram,Excitement, #HackySackChallenge #HighSchoolAthlete 
1366,2023,Canada,6.961,10.773,0.153,0.929,0.42,13.0,Instagram,Joy, #StandUpComedy #HighSchoolTalent 
1367,2023,Canada,6.961,10.773,0.153,0.929,0.42,13.0,Twitter,Excitement, #CartwheelChallenge #HighSchoolAthlete 
1368,2023,Canada,6.961,10.773,0.153,0.929,0.42,13.0,Facebook,Joy, #TimeCapsule #HighSchoolNostalgia 
1381,2023,Canada,6.961,10.773,0.153,0.929,0.42,13.0,Facebook,Happy, #TalentShow #HighSchoolEntertainment 
1382,2023,Canada,6.961,10.773,0.153,0.929,0.42,13.0,Facebook,Happy, #GlobalFriendship #HighSchoolCorrespondence 
1389,2019,South Africa,4.722,0.96,0.13,1.351,0.055,106.0,Instagram,Thrill, #Thrill #WildHeartRide 
1397,2017,Peru,5.71500015258789,1.03522527217865,0.126819714903831,1.21877038478851,0.0470490865409374,63.0,Facebook,Awe, #Awe #AncientCivilizations 
1404,2021,Brazil,6.33,9.577,-0.071,0.882,0.756,35.0,Instagram,Wonder, #Wonder #NatureOrchestra 
1480,2020,Australia,7.222799778,10.72059631,0.19046016,0.944854617,0.41516912,12.0,Facebook,Contentment, #Contentment #GoldenGlow 
1497,2020,Canada,7.23210001,10.69236851,0.124770768,0.927176654,0.390843362,11.0,Instagram,Elation, #Elation #OldFriends                          
1498,2020,Canada,7.23210001,10.69236851,0.124770768,0.927176654,0.390843362,11.0,Instagram,Serenity, #Serenity #OceanRetreat                   
1499,2020,Canada,7.23210001,10.69236851,0.124770768,0.927176654,0.390843362,11.0,Twitter,Serenity, #Serenity #RaindropMelody                
1500,2020,Canada,7.23210001,10.69236851,0.124770768,0.927176654,0.390843362,11.0,Facebook,Playful, #Playful #DanceInTheRain 
1501,2020,Canada,7.23210001,10.69236851,0.124770768,0.927176654,0.390843362,11.0,Twitter,Excitement, #Excitement #SnowfallMagic             
1504,2020,Canada,7.23210001,10.69236851,0.124770768,0.927176654,0.390843362,11.0,Instagram,Heartwarming, #Heartwarming #HockeyFinalsComeback 
1521,2021,Australia,7.183,10.796,0.159,0.94,0.442,11.0,Twitter,Serenity, #Serenity #NatureRetreat                   
1522,2021,Australia,7.183,10.796,0.159,0.94,0.442,11.0,Facebook,Acceptance, #Acceptance #SelfLoveJourney              
1524,2021,Australia,7.183,10.796,0.159,0.94,0.442,11.0,Instagram,Acceptance, #Acceptance #BeautifulChaos              
1525,2021,Australia,7.183,10.796,0.159,0.94,0.442,11.0,Twitter,DreamChaser, #DreamChaser #SkyHighDreams              
1526,2021,Australia,7.183,10.796,0.159,0.94,0.442,11.0,Twitter,Freedom, #Freedom #CoastalAdventure              
1585,2015,Italy,5.948,1.25114,0.22823,1.19777,0.02901,50.0,Twitter,Creativity, #Creativity #ArtistsHaven               
1602,2017,India,4.31500005722046,0.792221248149872,0.231538489460945,0.754372596740723,0.0922268852591515,122.0,Twitter,Gratitude, #Gratitude #MorningCoffee                 
1605,2017,India,4.31500005722046,0.792221248149872,0.231538489460945,0.754372596740723,0.0922268852591515,122.0,Twitter,Gratitude, #Gratitude #ThankfulMelody 
1677,2018,UK,7.19,1.244,0.262,1.433,0.082,19.0,Instagram,Euphoria, #Euphoria #BirthdaySurprise                   
1722,2021,India,3.819,8.755,0.089,0.603,0.774,139.0,Twitter,Inspired, #Inspired #CloudsOfCreativity 
1723,2021,India,3.819,8.755,0.089,0.603,0.774,139.0,Twitter,Inspired, #Inspired #CloudsOfCreativity 
1733,2017,Austria,7.00600004196167,1.48709726333618,0.316472321748734,1.4599449634552,0.221060365438461,13.0,Facebook,Gratitude, #Gratitude #FamilyLaughter              
1734,2017,Austria,7.00600004196167,1.48709726333618,0.316472321748734,1.4599449634552,0.221060365438461,13.0,Facebook,Gratitude, #Gratitude #FamilyLaughter              
1744,2020,USA,6.939599991,10.92576885,0.149891734,0.914219022,0.699715316,18.0,Instagram,Reverence, #Reverence #NatureExploration                
1745,2020,USA,6.939599991,10.92576885,0.149891734,0.914219022,0.699715316,18.0,Facebook,Serenity, #Serenity #NatureWhispers                
1747,2020,USA,6.939599991,10.92576885,0.149891734,0.914219022,0.699715316,18.0,Instagram,Serenity, #Serenity #MoonlitPeace                  
1754,2020,USA,6.939599991,10.92576885,0.149891734,0.914219022,0.699715316,18.0,Instagram,Awe, #Awe #EarthsGrandeur 
1756,2020,USA,6.939599991,10.92576885,0.149891734,0.914219022,0.699715316,18.0,Twitter,Inspiration, #Inspiration #OlympicAchievement 
1757,2020,USA,6.939599991,10.92576885,0.149891734,0.914219022,0.699715316,18.0,Instagram,Happy, #VirtualEntertainment #HighSchoolPositivity 
1761,2021,Spain,6.491,10.571,-0.081,0.932,0.745,27.0,Twitter,Rejuvenation, #Rejuvenation #SeasideEscape            
1762,2021,Spain,6.491,10.571,-0.081,0.932,0.745,27.0,Twitter,Rejuvenation, #Rejuvenation #SeasideEscape            
1767,2017,China,5.27299976348877,1.08116579055786,0.0288068410009146,1.16083741188049,0.0227942746132612,79.0,Twitter,Awe, #Awe #EngineeringMarvels 
1808,2020,Japan,5.870800018,10.57968903,-0.246910349,0.883545935,0.654558063,62.0,Instagram,Bittersweet, #Bittersweet #Farewell                     
1809,2020,Japan,5.870800018,10.57968903,-0.246910349,0.883545935,0.654558063,62.0,Facebook,PlayfulJoy, #PlayfulJoy #ChildrensPlaydate           
1810,2020,Japan,5.870800018,10.57968903,-0.246910349,0.883545935,0.654558063,62.0,Facebook,FestiveJoy, #FestiveJoy #SummerCarnival             
1812,2020,Japan,5.870800018,10.57968903,-0.246910349,0.883545935,0.654558063,62.0,Twitter,Resilience, #Resilience #TightropeWalk 
1813,2020,Japan,5.870800018,10.57968903,-0.246910349,0.883545935,0.654558063,62.0,Facebook,Accomplishment, #Accomplishment #SunriseHues 
1816,2019,India,4.015,0.755,0.2,0.765,0.085,140.0,Facebook,Fulfillment, #Fulfillment #Milestone                       
1817,2019,India,4.015,0.755,0.2,0.765,0.085,140.0,Twitter,Fulfillment, #Fulfillment #FitnessGoals                   
1818,2019,India,4.015,0.755,0.2,0.765,0.085,140.0,Twitter,Fulfillment, #Fulfillment #PuzzleChallenge                
1820,2019,India,4.015,0.755,0.2,0.765,0.085,140.0,Facebook,Excitement, #Excitement #CricketChampionship 
1824,2020,France,6.663799763,10.58422279,-0.130641967,0.937103748,0.583521128,23.0,Twitter,Inspiration, #Inspiration #BrilliantTrails 
1835,2021,Netherlands,7.464,10.932,0.175,0.942,0.338,5.0,Instagram,Joy, #Joy #SpringtimeColors 
1840,2021,USA,6.951,11.023,0.098,0.92,0.698,19.0,Instagram,Euphoria, #Euphoria #Victory                             
1841,2021,USA,6.951,11.023,0.098,0.92,0.698,19.0,Facebook,Euphoria, #Euphoria #LiveMusic                          
1842,2021,USA,6.951,11.023,0.098,0.92,0.698,19.0,Facebook,Elation, #Elation #PersonalAchievement                
1850,2021,USA,6.951,11.023,0.098,0.92,0.698,19.0,Facebook,Resilience, #Resilience #StandingTall              
1851,2021,USA,6.951,11.023,0.098,0.92,0.698,19.0,Instagram,Joy, #Joy #SimpleMoments 
1852,2021,USA,6.951,11.023,0.098,0.92,0.698,19.0,Facebook,Enchantment, #Enchantment #TaylorSwift 
1853,2021,USA,6.951,11.023,0.098,0.92,0.698,19.0,Twitter,Creativity, #Creativity #LadyGaga 
1865,2018,South Africa,4.724,0.94,0.103,1.41,0.056,105.0,Instagram,Wonder, #Wonder #StargazingAdventure            
1866,2018,South Africa,4.724,0.94,0.103,1.41,0.056,105.0,Instagram,Wonder, #Wonder #StargazingAdventure            
1867,2018,South Africa,4.724,0.94,0.103,1.41,0.056,105.0,Instagram,Friendship, #Friendship #CamaraderieBlooms 
1903,2018,Canada,7.328,1.33,0.321,1.532,0.291,7.0,Facebook,Serenity, #Serenity #TranquilGarden                
